user_name,group_id,SumOfCosts
Saurabh Kudeti,45148249,767.04
Saurabh Kudeti,37255782,2072.9
Saurabh Kudeti,37153206,2850.9399999999996
Saurabh Kudeti,0,8009.459999999998
Saurabh Kudeti,36025223,11244.839999999998
